Date,Platform,Daily_Active_Users,New_Signups,Projects_Submitted
01-01-25,Discord,4131,203,0
01-01-25,GitHub,4031,196,15
01-01-25,Community Forum,4777,174,0
02-01-25,Discord,7194,412,0
02-01-25,GitHub,5941,250,25
02-01-25,Community Forum,6168,392,0
03-01-25,Discord,7580,287,0
03-01-25,GitHub,6738,236,23
03-01-25,Community Forum,7542,415,0
04-01-25,Discord,10646,533,0
04-01-25,GitHub,10650,454,10
04-01-25,Community Forum,10202,584,0
05-01-25,Discord,14292,811,0
05-01-25,GitHub,10721,485,90
05-01-25,Community Forum,13580,767,0
06-01-25,Discord,24445,1472,0
06-01-25,GitHub,18698,604,87
06-01-25,Community Forum,15472,651,0
07-01-25,Discord,21959,1071,0
07-01-25,GitHub,24367,1008,120
07-01-25,Community Forum,27078,1288,0
08-01-25,Discord,36666,1580,0
08-01-25,GitHub,29685,1805,125
08-01-25,Community Forum,34416,2354,0
09-01-25,Discord,32584,2411,0
09-01-25,GitHub,30832,2007,99
09-01-25,Community Forum,27024,1576,0
10-01-25,Discord,29942,2118,0
10-01-25,GitHub,31747,1889,21
10-01-25,Community Forum,32231,1588,0
11-01-25,Discord,23555,1508,0
11-01-25,GitHub,22236,1190,73
11-01-25,Community Forum,26236,1238,0
12-01-25,Discord,27696,1400,0
12-01-25,GitHub,25500,1536,156
12-01-25,Community Forum,25419,1629,0
13-01-25,Discord,33658,1717,0
13-01-25,GitHub,26832,1168,5
13-01-25,Community Forum,31840,1861,0
14-01-25,Discord,27679,1385,0
14-01-25,GitHub,32799,1435,127
14-01-25,Community Forum,36117,2071,0
15-01-25,Discord,23147,1151,0
15-01-25,GitHub,27677,1522,39
15-01-25,Community Forum,26940,1289,0
16-01-25,Discord,20558,1141,0
16-01-25,GitHub,25337,1077,88
16-01-25,Community Forum,21365,1198,0
17-01-25,Discord,23134,1023,0
17-01-25,GitHub,21478,1172,81
17-01-25,Community Forum,24310,827,0
18-01-25,Discord,24997,1603,0
18-01-25,GitHub,22876,1294,139
18-01-25,Community Forum,22127,1157,0
19-01-25,Discord,23346,1045,0
19-01-25,GitHub,22571,672,63
19-01-25,Community Forum,25526,1374,0
20-01-25,Discord,20089,756,0
20-01-25,GitHub,27334,1174,54
20-01-25,Community Forum,23135,964,0
21-01-25,Discord,22318,1122,0
21-01-25,GitHub,18986,958,83
21-01-25,Community Forum,19235,1061,0
22-01-25,Discord,34828,1385,0
22-01-25,GitHub,34139,1785,89
22-01-25,Community Forum,31715,1710,0
23-01-25,Discord,33755,1882,0
23-01-25,GitHub,32997,1409,42
23-01-25,Community Forum,29704,1530,0
24-01-25,Discord,26003,1385,0
24-01-25,GitHub,32050,2207,140
24-01-25,Community Forum,33974,1470,0
25-01-25,Discord,25821,1182,0
25-01-25,GitHub,27269,1204,146
25-01-25,Community Forum,26300,1608,0
26-01-25,Discord,23291,1338,0
26-01-25,GitHub,30275,2049,60
26-01-25,Community Forum,28301,786,0
27-01-25,Discord,36249,2030,0
27-01-25,GitHub,44809,2510,108
27-01-25,Community Forum,38140,1217,0
28-01-25,Discord,51301,2898,0
28-01-25,GitHub,60967,3229,205
28-01-25,Community Forum,65643,4205,0
29-01-25,Discord,63026,3879,0
29-01-25,GitHub,59603,3265,117
29-01-25,Community Forum,59776,2602,0
30-01-25,Discord,55268,3108,0
30-01-25,GitHub,47064,2683,255
30-01-25,Community Forum,44883,2128,0
31-01-25,Discord,41899,2078,0
31-01-25,GitHub,52604,2630,199
31-01-25,Community Forum,43877,2566,0
01-02-25,Discord,48646,2803,0
01-02-25,GitHub,53204,2099,134
01-02-25,Community Forum,46939,3180,0
02-02-25,Discord,61898,3156,0
02-02-25,GitHub,69431,2561,200
02-02-25,Community Forum,60903,3072,0
03-02-25,Discord,65498,3535,0
03-02-25,GitHub,90722,3777,151
03-02-25,Community Forum,63872,2925,0
04-02-25,Discord,68984,4530,0
04-02-25,GitHub,54367,3049,287
04-02-25,Community Forum,57997,3330,0
05-02-25,Discord,51910,3162,0
05-02-25,GitHub,38891,2057,234
05-02-25,Community Forum,55267,3208,0
06-02-25,Discord,61007,3920,0
06-02-25,GitHub,74553,3741,235
06-02-25,Community Forum,81617,4662,0
07-02-25,Discord,71882,2983,0
07-02-25,GitHub,69176,2869,29
07-02-25,Community Forum,72364,2349,0
08-02-25,Discord,55706,2612,0
08-02-25,GitHub,50768,3055,233
08-02-25,Community Forum,45790,2674,0
09-02-25,Discord,55613,2880,0
09-02-25,GitHub,50180,2671,253
09-02-25,Community Forum,44703,1901,0
10-02-25,Discord,48027,2459,0
10-02-25,GitHub,57146,3218,141
10-02-25,Community Forum,52640,2527,0
11-02-25,Discord,60148,1848,0
11-02-25,GitHub,62106,2919,206
11-02-25,Community Forum,59966,3172,0
12-02-25,Discord,96465,5578,0
12-02-25,GitHub,72301,3454,238
12-02-25,Community Forum,76785,3835,0
13-02-25,Discord,75261,3383,0
13-02-25,GitHub,83913,3975,337
13-02-25,Community Forum,77108,2464,0
14-02-25,Discord,57849,1966,0
14-02-25,GitHub,66024,2179,161
14-02-25,Community Forum,62299,2961,0
15-02-25,Discord,60508,3663,0
15-02-25,GitHub,51480,2564,182
15-02-25,Community Forum,57958,2849,0
16-02-25,Discord,72432,2800,0
16-02-25,GitHub,70874,2549,175
16-02-25,Community Forum,69995,2134,0
17-02-25,Discord,67923,2610,0
17-02-25,GitHub,78777,3281,213
17-02-25,Community Forum,89607,6236,0
18-02-25,Discord,94307,5075,0
18-02-25,GitHub,113159,6864,203
18-02-25,Community Forum,109413,6882,0
19-02-25,Discord,97698,6417,0
19-02-25,GitHub,75405,3950,184
19-02-25,Community Forum,73658,4035,0
20-02-25,Discord,77126,3988,0
20-02-25,GitHub,72016,5364,442
20-02-25,Community Forum,72441,3604,0
21-02-25,Discord,78876,4754,0
21-02-25,GitHub,78778,4029,72
21-02-25,Community Forum,89907,3927,0
22-02-25,Discord,63219,3180,0
22-02-25,GitHub,64299,2378,162
22-02-25,Community Forum,56352,2300,0
23-02-25,Discord,52136,3279,0
23-02-25,GitHub,58137,3748,237
23-02-25,Community Forum,54218,2001,0
24-02-25,Discord,55541,2687,0
24-02-25,GitHub,51252,2275,406
24-02-25,Community Forum,50892,2180,0
25-02-25,Discord,44039,2434,0
25-02-25,GitHub,46061,2095,39
25-02-25,Community Forum,50148,2535,0
26-02-25,Discord,68431,3054,0
26-02-25,GitHub,45029,2151,317
26-02-25,Community Forum,61232,3726,0
27-02-25,Discord,60790,2772,0
27-02-25,GitHub,51622,2073,135
27-02-25,Community Forum,61848,3042,0
28-02-25,Discord,44582,2371,0
28-02-25,GitHub,61011,2087,231
28-02-25,Community Forum,42887,1768,0
01-03-25,Discord,38540,2190,0
01-03-25,GitHub,51576,3126,278
01-03-25,Community Forum,40097,2238,0
02-03-25,Discord,51804,1981,0
02-03-25,GitHub,56036,3044,187
02-03-25,Community Forum,54747,2818,0
03-03-25,Discord,70170,4833,0
03-03-25,GitHub,60896,2868,157
03-03-25,Community Forum,62754,3985,0
04-03-25,Discord,104011,3775,0
04-03-25,GitHub,119102,5910,425
04-03-25,Community Forum,93592,6122,0
05-03-25,Discord,121812,9071,0
05-03-25,GitHub,124298,5715,448
05-03-25,Community Forum,137022,5863,0
06-03-25,Discord,98858,5375,0
06-03-25,GitHub,98947,4047,410
06-03-25,Community Forum,98651,6478,0
07-03-25,Discord,109597,5888,0
07-03-25,GitHub,95226,3846,279
07-03-25,Community Forum,88850,5309,0
08-03-25,Discord,98335,3951,0
08-03-25,GitHub,87373,6598,312
08-03-25,Community Forum,101863,5115,0
09-03-25,Discord,90022,5556,0
09-03-25,GitHub,88126,4140,649
09-03-25,Community Forum,88773,3190,0
10-03-25,Discord,101549,5599,0
10-03-25,GitHub,106433,6524,385
10-03-25,Community Forum,123184,6595,0
11-03-25,Discord,124667,8581,0
11-03-25,GitHub,119086,6568,584
11-03-25,Community Forum,106364,5894,0
12-03-25,Discord,55068,2335,0
12-03-25,GitHub,57774,3621,188
12-03-25,Community Forum,55925,3220,0
13-03-25,Discord,55555,1738,0
13-03-25,GitHub,64829,3067,337
13-03-25,Community Forum,74495,3649,0
14-03-25,Discord,79865,3373,0
14-03-25,GitHub,80665,1970,210
14-03-25,Community Forum,80902,3409,0
15-03-25,Discord,66939,3146,0
15-03-25,GitHub,71498,4191,361
15-03-25,Community Forum,77849,4338,0
16-03-25,Discord,48929,3538,0
16-03-25,GitHub,44910,1835,186
16-03-25,Community Forum,48083,2470,0
17-03-25,Discord,77045,5360,0
17-03-25,GitHub,82232,3319,321
17-03-25,Community Forum,94505,6247,0
18-03-25,Discord,63721,3674,0
18-03-25,GitHub,98552,4340,247
18-03-25,Community Forum,75873,3369,0
19-03-25,Discord,78540,4661,0
19-03-25,GitHub,86971,1736,204
19-03-25,Community Forum,81833,4791,0
20-03-25,Discord,86253,4231,0
20-03-25,GitHub,92424,5598,328
20-03-25,Community Forum,81161,2836,0
21-03-25,Discord,89789,7532,0
21-03-25,GitHub,79391,4220,457
21-03-25,Community Forum,64987,3869,0
22-03-25,Discord,55907,2365,0
22-03-25,GitHub,51080,1882,350
22-03-25,Community Forum,48280,2612,0
23-03-25,Discord,43757,2798,0
23-03-25,GitHub,51185,3108,194
23-03-25,Community Forum,49084,1796,0
24-03-25,Discord,71035,3293,0
24-03-25,GitHub,66171,2840,212
24-03-25,Community Forum,65583,2127,0
25-03-25,Discord,38609,2538,0
25-03-25,GitHub,38048,2245,160
25-03-25,Community Forum,43553,2453,0
26-03-25,Discord,33233,1472,0
26-03-25,GitHub,30695,1433,179
26-03-25,Community Forum,28669,1344,0
27-03-25,Discord,22101,976,0
27-03-25,GitHub,25723,1644,152
27-03-25,Community Forum,21365,745,0
28-03-25,Discord,41869,2412,0
28-03-25,GitHub,35751,1655,215
28-03-25,Community Forum,47501,2230,0
29-03-25,Discord,48813,2952,0
29-03-25,GitHub,55408,3068,139
29-03-25,Community Forum,61641,3273,0
30-03-25,Discord,74394,2672,0
30-03-25,GitHub,60115,3975,306
30-03-25,Community Forum,60260,3448,0
31-03-25,Discord,71991,3740,0
31-03-25,GitHub,74510,4651,152
31-03-25,Community Forum,58757,2674,0
01-04-25,Discord,74824,3558,0
01-04-25,GitHub,84638,3231,163
01-04-25,Community Forum,80126,3477,0
02-04-25,Discord,78255,4333,0
02-04-25,GitHub,77855,4749,136
02-04-25,Community Forum,73251,4756,0
03-04-25,Discord,75047,5591,0
03-04-25,GitHub,88821,3711,349
03-04-25,Community Forum,83395,2956,0
04-04-25,Discord,97338,5666,0
04-04-25,GitHub,96769,5851,330
04-04-25,Community Forum,93423,3423,0
05-04-25,Discord,61802,3550,0
05-04-25,GitHub,41499,1454,245
05-04-25,Community Forum,46984,2593,0
06-04-25,Discord,23232,865,0
06-04-25,GitHub,24380,2015,48
06-04-25,Community Forum,29012,1230,0
07-04-25,Discord,22578,1157,0
07-04-25,GitHub,22639,1144,88
07-04-25,Community Forum,19377,943,0
08-04-25,Discord,21429,1190,0
08-04-25,GitHub,20943,1157,48
08-04-25,Community Forum,20359,1081,0
09-04-25,Discord,20682,917,0
09-04-25,GitHub,21912,998,79
09-04-25,Community Forum,21000,1181,0
10-04-25,Discord,25418,1373,0
10-04-25,GitHub,22920,490,128
10-04-25,Community Forum,26674,1479,0
11-04-25,Discord,25258,1025,0
11-04-25,GitHub,18281,1092,98
11-04-25,Community Forum,24786,1650,0
12-04-25,Discord,17578,1043,0
12-04-25,GitHub,19410,1158,159
12-04-25,Community Forum,19970,849,0
13-04-25,Discord,18853,517,0
13-04-25,GitHub,24977,1627,136
13-04-25,Community Forum,21156,1224,0
14-04-25,Discord,36043,1383,0
14-04-25,GitHub,38990,2148,159
14-04-25,Community Forum,36114,1853,0
15-04-25,Discord,44956,2119,0
15-04-25,GitHub,46058,3201,178
15-04-25,Community Forum,48271,1843,0
16-04-25,Discord,67989,3746,0
16-04-25,GitHub,69639,3186,312
16-04-25,Community Forum,58354,3582,0
17-04-25,Discord,70124,2730,0
17-04-25,GitHub,64848,3099,259
17-04-25,Community Forum,62817,2999,0
18-04-25,Discord,56684,3651,0
18-04-25,GitHub,55721,2482,74
18-04-25,Community Forum,65338,3944,0
19-04-25,Discord,54928,2323,0
19-04-25,GitHub,43844,2437,319
19-04-25,Community Forum,50157,2545,0
20-04-25,Discord,42035,1769,0
20-04-25,GitHub,51801,2535,227
20-04-25,Community Forum,55553,2087,0
21-04-25,Discord,61879,2673,0
21-04-25,GitHub,59570,3151,74
21-04-25,Community Forum,56673,2599,0
22-04-25,Discord,55424,3381,0
22-04-25,GitHub,44397,1923,164
22-04-25,Community Forum,52506,2843,0
23-04-25,Discord,46559,2233,0
23-04-25,GitHub,50962,2915,183
23-04-25,Community Forum,50790,3158,0
24-04-25,Discord,29902,1256,0
24-04-25,GitHub,33435,1512,108
24-04-25,Community Forum,37045,1670,0
25-04-25,Discord,39453,1887,0
25-04-25,GitHub,42329,2440,45
25-04-25,Community Forum,55409,2371,0
26-04-25,Discord,39797,2361,0
26-04-25,GitHub,38534,2165,163
26-04-25,Community Forum,40200,1839,0
27-04-25,Discord,34107,1098,0
27-04-25,GitHub,38081,1773,180
27-04-25,Community Forum,35334,2205,0
28-04-25,Discord,43491,1904,0
28-04-25,GitHub,42456,2335,362
28-04-25,Community Forum,50282,1906,0
29-04-25,Discord,48758,2055,0
29-04-25,GitHub,45757,2147,151
29-04-25,Community Forum,51816,2455,0
30-04-25,Discord,46932,2342,0
30-04-25,GitHub,42933,1914,106
30-04-25,Community Forum,49219,2278,0
01-05-25,Discord,51979,2192,0
01-05-25,GitHub,40699,1600,139
01-05-25,Community Forum,41785,1942,0
02-05-25,Discord,47990,2319,0
02-05-25,GitHub,41897,2214,158
02-05-25,Community Forum,46812,2732,0
03-05-25,Discord,26342,1564,0
03-05-25,GitHub,23489,1146,111
03-05-25,Community Forum,25422,2054,0
04-05-25,Discord,25039,1517,0
04-05-25,GitHub,21914,1081,129
04-05-25,Community Forum,25953,1075,0
05-05-25,Discord,36321,1743,0
05-05-25,GitHub,39113,2257,172
05-05-25,Community Forum,39854,1689,0
06-05-25,Discord,39190,1435,0
06-05-25,GitHub,43774,2203,55
06-05-25,Community Forum,49255,1207,0
07-05-25,Discord,35842,2263,0
07-05-25,GitHub,34318,1772,149
07-05-25,Community Forum,27818,1087,0
08-05-25,Discord,35735,1757,0
08-05-25,GitHub,31112,1549,151
08-05-25,Community Forum,40590,2114,0
09-05-25,Discord,25919,1444,0
09-05-25,GitHub,30474,1473,77
09-05-25,Community Forum,27203,1530,0
10-05-25,Discord,29914,1595,0
10-05-25,GitHub,28081,1424,56
10-05-25,Community Forum,28570,1441,0
11-05-25,Discord,29183,1343,0
11-05-25,GitHub,33921,1595,107
11-05-25,Community Forum,28725,1286,0
12-05-25,Discord,41451,2334,0
12-05-25,GitHub,35109,2037,111
12-05-25,Community Forum,41086,2343,0
13-05-25,Discord,40990,2272,0
13-05-25,GitHub,31882,1653,135
13-05-25,Community Forum,28826,1128,0
14-05-25,Discord,33203,1835,0
14-05-25,GitHub,33124,1871,86
14-05-25,Community Forum,35366,2412,0
15-05-25,Discord,43572,1629,0
15-05-25,GitHub,46233,2717,206
15-05-25,Community Forum,47242,1270,0
16-05-25,Discord,46534,2840,0
16-05-25,GitHub,41271,2072,118
16-05-25,Community Forum,53269,1775,0
17-05-25,Discord,43111,2223,0
17-05-25,GitHub,42886,2402,42
17-05-25,Community Forum,39462,1844,0
18-05-25,Discord,37821,2084,0
18-05-25,GitHub,37221,1518,106
18-05-25,Community Forum,40634,2852,0
19-05-25,Discord,46196,2468,0
19-05-25,GitHub,38520,2001,22
19-05-25,Community Forum,49265,2739,0
20-05-25,Discord,41180,1582,0
20-05-25,GitHub,42170,1474,116
20-05-25,Community Forum,43137,1849,0
21-05-25,Discord,42595,3122,0
21-05-25,GitHub,35119,1484,124
21-05-25,Community Forum,40497,2208,0
22-05-25,Discord,51834,2615,0
22-05-25,GitHub,49847,1596,202
22-05-25,Community Forum,50128,2158,0
23-05-25,Discord,39858,1963,0
23-05-25,GitHub,35078,1739,19
23-05-25,Community Forum,30832,1456,0
24-05-25,Discord,30736,1396,0
24-05-25,GitHub,28564,1558,69
24-05-25,Community Forum,25368,1095,0
25-05-25,Discord,24854,972,0
25-05-25,GitHub,29164,1628,51
25-05-25,Community Forum,27298,1276,0
26-05-25,Discord,37970,1911,0
26-05-25,GitHub,32745,984,129
26-05-25,Community Forum,36937,1764,0
27-05-25,Discord,61876,3086,0
27-05-25,GitHub,55077,2768,0
27-05-25,Community Forum,61286,2766,0
28-05-25,Discord,79611,4986,0
28-05-25,GitHub,96644,4099,631
28-05-25,Community Forum,99752,5335,0
29-05-25,Discord,89898,3993,0
29-05-25,GitHub,93860,2012,16
29-05-25,Community Forum,78080,2019,0
30-05-25,Discord,98066,4127,0
30-05-25,GitHub,104554,4922,162
30-05-25,Community Forum,91694,5451,0
31-05-25,Discord,74364,4522,0
31-05-25,GitHub,84813,3613,217
31-05-25,Community Forum,72072,2614,0
01-06-25,Discord,67701,2933,0
01-06-25,GitHub,59992,2215,389
01-06-25,Community Forum,68366,4168,0
02-06-25,Discord,152556,10160,0
02-06-25,GitHub,174043,9655,296
02-06-25,Community Forum,119419,3975,0
03-06-25,Discord,171457,5672,0
03-06-25,GitHub,139687,8387,224
03-06-25,Community Forum,162051,7677,0
04-06-25,Discord,118564,5352,0
04-06-25,GitHub,105109,5777,467
04-06-25,Community Forum,124723,7254,0
05-06-25,Discord,80648,4332,0
05-06-25,GitHub,92106,4807,200
05-06-25,Community Forum,87456,2461,0
06-06-25,Discord,92600,3425,0
06-06-25,GitHub,89347,3925,281
06-06-25,Community Forum,75067,4141,0
07-06-25,Discord,72495,2779,0
07-06-25,GitHub,57128,2228,359
07-06-25,Community Forum,65889,3035,0
08-06-25,Discord,64031,2651,0
08-06-25,GitHub,67230,4253,126
08-06-25,Community Forum,69162,3290,0
09-06-25,Discord,103806,6425,0
09-06-25,GitHub,115012,5544,486
09-06-25,Community Forum,86178,2254,0
10-06-25,Discord,52801,2009,0
10-06-25,GitHub,55476,3302,154
10-06-25,Community Forum,62326,3571,0
11-06-25,Discord,51081,2825,0
11-06-25,GitHub,69696,4229,183
11-06-25,Community Forum,62884,3137,0
12-06-25,Discord,70171,2680,0
12-06-25,GitHub,64966,3556,205
12-06-25,Community Forum,71586,4267,0
13-06-25,Discord,71958,2681,0
13-06-25,GitHub,87373,3994,182
13-06-25,Community Forum,73475,3474,0
14-06-25,Discord,51499,2215,0
14-06-25,GitHub,56924,3408,403
14-06-25,Community Forum,62152,1799,0
15-06-25,Discord,60474,2230,0
15-06-25,GitHub,64381,3344,137
15-06-25,Community Forum,50402,2125,0
16-06-25,Discord,68475,4246,0
16-06-25,GitHub,75091,2910,289
16-06-25,Community Forum,77622,3683,0
17-06-25,Discord,49265,2695,0
17-06-25,GitHub,46008,1406,115
17-06-25,Community Forum,46791,2472,0
18-06-25,Discord,53807,3016,0
18-06-25,GitHub,55795,3193,207
18-06-25,Community Forum,57472,3235,0
19-06-25,Discord,45848,2278,0
19-06-25,GitHub,46593,1749,35
19-06-25,Community Forum,48564,2698,0
20-06-25,Discord,40306,2158,0
20-06-25,GitHub,43062,2340,172
20-06-25,Community Forum,35172,2337,0
21-06-25,Discord,36871,2188,0
21-06-25,GitHub,37804,1500,97
21-06-25,Community Forum,33842,2080,0
22-06-25,Discord,34552,1294,0
22-06-25,GitHub,39874,2692,92
22-06-25,Community Forum,43713,2511,0
23-06-25,Discord,39108,1438,0
23-06-25,GitHub,39452,1660,217
23-06-25,Community Forum,40692,2230,0
24-06-25,Discord,40862,1781,0
24-06-25,GitHub,39244,2355,124
24-06-25,Community Forum,37927,2158,0
25-06-25,Discord,40522,1133,0
25-06-25,GitHub,47920,2886,295
25-06-25,Community Forum,47492,2766,0
26-06-25,Discord,45938,2311,0
26-06-25,GitHub,37985,1616,115
26-06-25,Community Forum,46470,2756,0
27-06-25,Discord,41960,2620,0
27-06-25,GitHub,44841,2144,155
27-06-25,Community Forum,44625,2292,0
28-06-25,Discord,43199,2095,0
28-06-25,GitHub,31707,1684,130
28-06-25,Community Forum,31853,1804,0
29-06-25,Discord,21171,1119,0
29-06-25,GitHub,25272,1264,176
29-06-25,Community Forum,35544,2064,0
30-06-25,Discord,43859,2276,0
30-06-25,GitHub,45593,1933,154
30-06-25,Community Forum,46966,1861,0
01-07-25,Discord,64660,3587,0
01-07-25,GitHub,57248,2756,191
01-07-25,Community Forum,61697,3049,0
02-07-25,Discord,77784,4797,0
02-07-25,GitHub,76586,3438,250
02-07-25,Community Forum,67565,2772,0
03-07-25,Discord,73870,1381,0
03-07-25,GitHub,69273,4106,283
03-07-25,Community Forum,76902,4103,0
04-07-25,Discord,87212,3287,0
04-07-25,GitHub,73566,4213,191
04-07-25,Community Forum,81297,4556,0
05-07-25,Discord,53233,2854,0
05-07-25,GitHub,66371,4402,237
05-07-25,Community Forum,66064,3473,0
06-07-25,Discord,56866,2644,0
06-07-25,GitHub,47041,2129,448
06-07-25,Community Forum,59214,3460,0
07-07-25,Discord,84833,4601,0
07-07-25,GitHub,99485,4567,219
07-07-25,Community Forum,91962,4524,0
08-07-25,Discord,73074,4350,0
08-07-25,GitHub,77064,3736,207
08-07-25,Community Forum,68788,2374,0
09-07-25,Discord,89470,4093,0
09-07-25,GitHub,66802,4531,280
09-07-25,Community Forum,80700,2753,0
10-07-25,Discord,72561,3242,0
10-07-25,GitHub,64949,3516,242
10-07-25,Community Forum,61909,2213,0
11-07-25,Discord,66902,3397,0
11-07-25,GitHub,82965,2283,235
11-07-25,Community Forum,55132,2527,0
12-07-25,Discord,55082,3052,0
12-07-25,GitHub,60823,3871,269
12-07-25,Community Forum,63212,4030,0
13-07-25,Discord,90551,5591,0
13-07-25,GitHub,90153,4501,249
13-07-25,Community Forum,91645,4896,0
14-07-25,Discord,127362,7820,0
14-07-25,GitHub,134137,4728,111
14-07-25,Community Forum,124499,5009,0
15-07-25,Discord,127335,5206,0
15-07-25,GitHub,129808,5168,514
15-07-25,Community Forum,114812,5896,0
16-07-25,Discord,112311,4346,0
16-07-25,GitHub,144636,9086,655
16-07-25,Community Forum,145339,9420,0
17-07-25,Discord,135987,4717,0
17-07-25,GitHub,135834,8065,26
17-07-25,Community Forum,115663,7609,0
18-07-25,Discord,119885,4626,0
18-07-25,GitHub,131947,6233,326
18-07-25,Community Forum,132070,7136,0
19-07-25,Discord,101289,5399,0
19-07-25,GitHub,100706,5955,124
19-07-25,Community Forum,100525,4610,0
20-07-25,Discord,98814,3827,0
20-07-25,GitHub,110265,4695,611
20-07-25,Community Forum,101686,5302,0
21-07-25,Discord,77621,2439,0
21-07-25,GitHub,71935,5935,279
21-07-25,Community Forum,78865,2430,0
22-07-25,Discord,58278,2706,0
22-07-25,GitHub,55308,3083,156
22-07-25,Community Forum,55403,1955,0
23-07-25,Discord,43726,1756,0
23-07-25,GitHub,47479,2139,112
23-07-25,Community Forum,40884,1633,0
24-07-25,Discord,41230,2663,0
24-07-25,GitHub,47226,3305,153
24-07-25,Community Forum,40484,2280,0
25-07-25,Discord,40641,2358,0
25-07-25,GitHub,41473,2188,89
25-07-25,Community Forum,46217,1855,0
26-07-25,Discord,70804,3302,0
26-07-25,GitHub,69289,3856,335
26-07-25,Community Forum,68233,3055,0
27-07-25,Discord,73088,3806,0
27-07-25,GitHub,65196,3270,393
27-07-25,Community Forum,69892,2777,0
28-07-25,Discord,102983,5796,0
28-07-25,GitHub,87102,4438,249
28-07-25,Community Forum,81882,4653,0
29-07-25,Discord,102837,6073,0
29-07-25,GitHub,90319,4229,0
29-07-25,Community Forum,101988,4419,0
30-07-25,Discord,98843,5872,0
30-07-25,GitHub,99570,3585,453
30-07-25,Community Forum,86905,4267,0
31-07-25,Discord,88540,3881,0
31-07-25,GitHub,86938,4469,158
31-07-25,Community Forum,74978,4418,0
01-08-25,Discord,99265,3113,0
01-08-25,GitHub,100398,4837,112
01-08-25,Community Forum,91215,4897,0
02-08-25,Discord,66396,2644,0
02-08-25,GitHub,69535,2819,137
02-08-25,Community Forum,65461,3556,0
03-08-25,Discord,28390,1726,0
03-08-25,GitHub,37955,1835,261
03-08-25,Community Forum,32915,1699,0
04-08-25,Discord,39868,1213,0
04-08-25,GitHub,38311,1484,192
04-08-25,Community Forum,46990,2450,0
05-08-25,Discord,37927,2261,0
05-08-25,GitHub,37433,2321,269
05-08-25,Community Forum,42338,1853,0
06-08-25,Discord,45547,1973,0
06-08-25,GitHub,41091,2729,70
06-08-25,Community Forum,40354,2478,0
07-08-25,Discord,59719,1840,0
07-08-25,GitHub,55574,2440,213
07-08-25,Community Forum,63335,2842,0
08-08-25,Discord,71307,3211,0
08-08-25,GitHub,65835,3443,249
08-08-25,Community Forum,77952,5471,0
09-08-25,Discord,48214,2661,0
09-08-25,GitHub,62070,3896,190
09-08-25,Community Forum,58795,2180,0
10-08-25,Discord,76905,3949,0
10-08-25,GitHub,77611,3546,193
10-08-25,Community Forum,74826,3487,0
11-08-25,Discord,95413,5258,0
11-08-25,GitHub,90707,3984,352
11-08-25,Community Forum,82937,4227,0
12-08-25,Discord,117654,7341,0
12-08-25,GitHub,95588,5040,245
12-08-25,Community Forum,103544,4228,0
13-08-25,Discord,111393,7656,0
13-08-25,GitHub,120792,5496,0
13-08-25,Community Forum,121208,8709,0
14-08-25,Discord,111547,5148,0
14-08-25,GitHub,118860,5190,829
14-08-25,Community Forum,129892,7398,0
15-08-25,Discord,126940,8512,0
15-08-25,GitHub,105608,4985,298
15-08-25,Community Forum,99105,4738,0
16-08-25,Discord,82331,3189,0
16-08-25,GitHub,65771,3976,0
16-08-25,Community Forum,89850,5362,0
17-08-25,Discord,107459,5213,0
17-08-25,GitHub,105158,4800,409
17-08-25,Community Forum,99689,4299,0
18-08-25,Discord,124976,7337,0
18-08-25,GitHub,110018,5553,233
18-08-25,Community Forum,115718,5665,0
19-08-25,Discord,106412,5593,0
19-08-25,GitHub,110978,4609,531
19-08-25,Community Forum,120887,5221,0
20-08-25,Discord,161012,6529,0
20-08-25,GitHub,129561,7206,553
20-08-25,Community Forum,142906,6753,0
21-08-25,Discord,113038,6132,0
21-08-25,GitHub,93607,4807,450
21-08-25,Community Forum,104585,7512,0
22-08-25,Discord,111535,4754,0
22-08-25,GitHub,102474,4313,225
22-08-25,Community Forum,112361,6099,0
23-08-25,Discord,85262,4840,0
23-08-25,GitHub,85032,6102,493
23-08-25,Community Forum,73146,3682,0
24-08-25,Discord,66825,3355,0
24-08-25,GitHub,64726,3085,296
24-08-25,Community Forum,65197,3270,0
25-08-25,Discord,80336,3138,0
25-08-25,GitHub,91151,4240,434
25-08-25,Community Forum,85164,3925,0
26-08-25,Discord,75964,2906,0
26-08-25,GitHub,85673,4595,162
26-08-25,Community Forum,73936,4213,0
27-08-25,Discord,123262,5143,0
27-08-25,GitHub,112611,6212,171
27-08-25,Community Forum,104671,6089,0
28-08-25,Discord,79538,4031,0
28-08-25,GitHub,88177,3353,434
28-08-25,Community Forum,73709,3890,0
29-08-25,Discord,74001,3776,0
29-08-25,GitHub,75744,2929,219
29-08-25,Community Forum,81269,3866,0
30-08-25,Discord,60551,1826,0
30-08-25,GitHub,57929,2467,375
30-08-25,Community Forum,61114,3365,0
31-08-25,Discord,61165,1795,0
31-08-25,GitHub,72840,3080,405
31-08-25,Community Forum,64872,4138,0
01-09-25,Discord,110085,5992,0
01-09-25,GitHub,72104,4001,330
01-09-25,Community Forum,73196,3176,0
02-09-25,Discord,62488,3345,0
02-09-25,GitHub,59381,2352,90
02-09-25,Community Forum,53128,2990,0
03-09-25,Discord,70740,4095,0
03-09-25,GitHub,65147,2771,273
03-09-25,Community Forum,76400,4572,0
04-09-25,Discord,36357,2161,0
04-09-25,GitHub,47078,2552,215
04-09-25,Community Forum,43065,1670,0
05-09-25,Discord,45690,2461,0
05-09-25,GitHub,37523,1663,168
05-09-25,Community Forum,51804,3522,0
06-09-25,Discord,27467,1373,0
06-09-25,GitHub,39444,1812,106
06-09-25,Community Forum,32483,1898,0
07-09-25,Discord,37348,2066,0
07-09-25,GitHub,35258,2379,126
07-09-25,Community Forum,39130,1144,0
08-09-25,Discord,41046,1859,0
08-09-25,GitHub,41628,1405,249
08-09-25,Community Forum,41890,3036,0
09-09-25,Discord,45335,2386,0
09-09-25,GitHub,42106,2385,193
09-09-25,Community Forum,44160,3207,0
10-09-25,Discord,40659,1775,0
10-09-25,GitHub,33549,1826,132
10-09-25,Community Forum,37456,1265,0
11-09-25,Discord,33625,1555,0
11-09-25,GitHub,37746,1976,97
11-09-25,Community Forum,32392,1406,0
12-09-25,Discord,32950,2430,0
12-09-25,GitHub,30285,1716,66
12-09-25,Community Forum,28195,1563,0
13-09-25,Discord,21149,1391,0
13-09-25,GitHub,20227,592,186
13-09-25,Community Forum,25754,1044,0
14-09-25,Discord,24116,1262,0
14-09-25,GitHub,23991,951,114
14-09-25,Community Forum,26511,867,0
15-09-25,Discord,40371,1549,0
15-09-25,GitHub,39187,2107,49
15-09-25,Community Forum,49793,2524,0
16-09-25,Discord,40766,1265,0
16-09-25,GitHub,43008,2174,47
16-09-25,Community Forum,38199,2567,0
17-09-25,Discord,44127,2225,0
17-09-25,GitHub,48455,2348,256
17-09-25,Community Forum,42556,1946,0
18-09-25,Discord,45755,1924,0
18-09-25,GitHub,43529,2189,266
18-09-25,Community Forum,42097,2025,0
19-09-25,Discord,52514,3665,0
19-09-25,GitHub,53372,2558,117
19-09-25,Community Forum,54299,3194,0
20-09-25,Discord,40909,1960,0
20-09-25,GitHub,49082,3368,203
20-09-25,Community Forum,41686,1605,0
21-09-25,Discord,67936,4217,0
21-09-25,GitHub,54571,3057,378
21-09-25,Community Forum,72306,3142,0
22-09-25,Discord,84868,3716,0
22-09-25,GitHub,105135,6894,346
22-09-25,Community Forum,87985,4392,0
23-09-25,Discord,67691,2112,0
23-09-25,GitHub,70161,4930,267
23-09-25,Community Forum,65560,3447,0
24-09-25,Discord,70352,2817,0
24-09-25,GitHub,63884,3217,64
24-09-25,Community Forum,72060,3541,0
25-09-25,Discord,70701,3421,0
25-09-25,GitHub,59013,3041,334
25-09-25,Community Forum,62465,4126,0
26-09-25,Discord,92741,4305,0
26-09-25,GitHub,85948,4465,291
26-09-25,Community Forum,79896,5266,0
27-09-25,Discord,70312,4628,0
27-09-25,GitHub,64818,3864,508
27-09-25,Community Forum,82020,4429,0
28-09-25,Discord,80274,4389,0
28-09-25,GitHub,65477,3544,138
28-09-25,Community Forum,64055,3382,0
29-09-25,Discord,52764,3476,0
29-09-25,GitHub,65524,5070,59
29-09-25,Community Forum,49740,2919,0
30-09-25,Discord,66387,2839,0
30-09-25,GitHub,65927,3248,304
30-09-25,Community Forum,56124,3035,0
01-10-25,Discord,68666,2889,0
01-10-25,GitHub,79731,3644,193
01-10-25,Community Forum,68054,4465,0
02-10-25,Discord,65394,3224,0
02-10-25,GitHub,70409,1947,237
02-10-25,Community Forum,66100,3851,0
03-10-25,Discord,79034,3058,0
03-10-25,GitHub,64043,3610,193
03-10-25,Community Forum,74257,3076,0
04-10-25,Discord,43082,2122,0
04-10-25,GitHub,37766,2179,115
04-10-25,Community Forum,49158,2561,0
05-10-25,Discord,50033,1746,0
05-10-25,GitHub,53201,2638,228
05-10-25,Community Forum,57121,3352,0
06-10-25,Discord,87196,2256,0
06-10-25,GitHub,76810,2617,323
06-10-25,Community Forum,63685,3855,0
07-10-25,Discord,88567,4265,0
07-10-25,GitHub,79170,5187,521
07-10-25,Community Forum,89458,4954,0
08-10-25,Discord,75353,3040,0
08-10-25,GitHub,60442,3587,219
08-10-25,Community Forum,69260,4097,0
09-10-25,Discord,73495,2313,0
09-10-25,GitHub,71816,3137,252
09-10-25,Community Forum,64245,2940,0
10-10-25,Discord,63863,3678,0
10-10-25,GitHub,66941,3180,189
10-10-25,Community Forum,72084,2988,0
11-10-25,Discord,53014,2303,0
11-10-25,GitHub,43740,2196,235
11-10-25,Community Forum,44902,2139,0
12-10-25,Discord,58182,1587,0
12-10-25,GitHub,49474,2065,174
12-10-25,Community Forum,59813,2582,0
13-10-25,Discord,61715,3423,0
13-10-25,GitHub,57418,1557,0
13-10-25,Community Forum,70600,3850,0
14-10-25,Discord,44141,2056,0
14-10-25,GitHub,41756,2155,207
14-10-25,Community Forum,41550,2184,0
15-10-25,Discord,45468,2231,0
15-10-25,GitHub,46972,2775,166
15-10-25,Community Forum,44036,2165,0
16-10-25,Discord,57750,2189,0
16-10-25,GitHub,51116,2352,193
16-10-25,Community Forum,51445,2760,0
17-10-25,Discord,56857,2744,0
17-10-25,GitHub,59985,4073,236
17-10-25,Community Forum,66417,4543,0
18-10-25,Discord,48653,2321,0
18-10-25,GitHub,42773,1611,0
18-10-25,Community Forum,51657,2819,0
19-10-25,Discord,47433,2249,0
19-10-25,GitHub,43706,2401,141
19-10-25,Community Forum,47287,1839,0
20-10-25,Discord,53369,3165,0
20-10-25,GitHub,65427,2461,254
20-10-25,Community Forum,54521,2454,0
21-10-25,Discord,85412,4026,0
21-10-25,GitHub,74009,2485,211
21-10-25,Community Forum,71484,3902,0
22-10-25,Discord,73962,4603,0
22-10-25,GitHub,81300,4225,352
22-10-25,Community Forum,79771,4568,0
23-10-25,Discord,78507,3856,0
23-10-25,GitHub,73267,3140,438
23-10-25,Community Forum,83398,2886,0
24-10-25,Discord,82084,4207,0
24-10-25,GitHub,68349,4637,403
24-10-25,Community Forum,79841,4118,0
25-10-25,Discord,54327,1539,0
25-10-25,GitHub,56471,2925,245
25-10-25,Community Forum,53701,2433,0
26-10-25,Discord,48981,2494,0
26-10-25,GitHub,46903,2477,109
26-10-25,Community Forum,59348,2120,0
27-10-25,Discord,64727,3284,0
27-10-25,GitHub,72938,3833,128
27-10-25,Community Forum,59213,3817,0
28-10-25,Discord,70295,3378,0
28-10-25,GitHub,65655,2486,458
28-10-25,Community Forum,71005,2768,0
29-10-25,Discord,62019,3471,0
29-10-25,GitHub,50520,2230,236
29-10-25,Community Forum,61921,2624,0
30-10-25,Discord,66293,3477,0
30-10-25,GitHub,88476,4372,230
30-10-25,Community Forum,94425,2821,0
31-10-25,Discord,93322,5397,0
31-10-25,GitHub,80309,2157,400
31-10-25,Community Forum,89824,5767,0
01-11-25,Discord,68537,3546,0
01-11-25,GitHub,60450,3459,70
01-11-25,Community Forum,72371,2865,0
02-11-25,Discord,74011,3561,0
02-11-25,GitHub,69959,3454,303
02-11-25,Community Forum,81655,4468,0
03-11-25,Discord,81255,3571,0
03-11-25,GitHub,96063,3774,292
03-11-25,Community Forum,72495,3539,0
04-11-25,Discord,151332,6584,0
04-11-25,GitHub,173313,9714,364
04-11-25,Community Forum,189186,7218,0
05-11-25,Discord,170570,7816,0
05-11-25,GitHub,173305,7939,343
05-11-25,Community Forum,167827,9132,0
06-11-25,Discord,148144,8209,0
06-11-25,GitHub,154552,7955,610
06-11-25,Community Forum,134603,6733,0
07-11-25,Discord,111125,4390,0
07-11-25,GitHub,128741,7695,383
07-11-25,Community Forum,125549,5710,0
08-11-25,Discord,104137,4041,0
08-11-25,GitHub,86126,5471,504
08-11-25,Community Forum,93175,4060,0
09-11-25,Discord,91389,3376,0
09-11-25,GitHub,93736,4707,676
09-11-25,Community Forum,97791,5615,0
10-11-25,Discord,119035,5405,0
10-11-25,GitHub,122532,7175,286
10-11-25,Community Forum,125332,6511,0
11-11-25,Discord,123307,7229,0
11-11-25,GitHub,124131,6031,401
11-11-25,Community Forum,97429,4716,0
12-11-25,Discord,54630,2618,0
12-11-25,GitHub,60997,3329,409
12-11-25,Community Forum,69367,3461,0
13-11-25,Discord,63967,2942,0
13-11-25,GitHub,61743,3219,102
13-11-25,Community Forum,57790,1908,0
14-11-25,Discord,72803,3613,0
14-11-25,GitHub,73563,2941,237
14-11-25,Community Forum,75305,4112,0
15-11-25,Discord,63414,2972,0
15-11-25,GitHub,60881,3199,202
15-11-25,Community Forum,56488,2610,0
16-11-25,Discord,68893,3941,0
16-11-25,GitHub,72510,3010,542
16-11-25,Community Forum,61638,2941,0
17-11-25,Discord,90590,3019,0
17-11-25,GitHub,82014,3864,81
17-11-25,Community Forum,69783,4272,0
18-11-25,Discord,88010,5235,0
18-11-25,GitHub,74988,3965,593
18-11-25,Community Forum,81706,4126,0
19-11-25,Discord,87742,4291,0
19-11-25,GitHub,80813,4076,529
19-11-25,Community Forum,87203,5424,0
20-11-25,Discord,145124,6075,0
20-11-25,GitHub,118981,4563,349
20-11-25,Community Forum,141047,7964,0
21-11-25,Discord,117249,4475,0
21-11-25,GitHub,106880,4451,183
21-11-25,Community Forum,123192,7009,0
22-11-25,Discord,72799,3242,0
22-11-25,GitHub,79395,5307,461
22-11-25,Community Forum,74829,4431,0
23-11-25,Discord,80909,4169,0
23-11-25,GitHub,74887,3349,434
23-11-25,Community Forum,72524,2916,0
24-11-25,Discord,80236,3979,0
24-11-25,GitHub,80229,6193,367
24-11-25,Community Forum,84231,4366,0
25-11-25,Discord,103740,5412,0
25-11-25,GitHub,87351,4271,283
25-11-25,Community Forum,92237,3847,0
26-11-25,Discord,108733,5948,0
26-11-25,GitHub,104611,3292,266
26-11-25,Community Forum,112476,6065,0
27-11-25,Discord,89678,5978,0
27-11-25,GitHub,76883,3942,628
27-11-25,Community Forum,85573,3870,0
28-11-25,Discord,47321,3034,0
28-11-25,GitHub,50553,3030,311
28-11-25,Community Forum,47987,1681,0
29-11-25,Discord,56832,3282,0
29-11-25,GitHub,53851,2706,393
29-11-25,Community Forum,52932,3375,0
30-11-25,Discord,71288,5273,0
30-11-25,GitHub,68954,4264,162
30-11-25,Community Forum,81598,4073,0
01-12-25,Discord,99155,5617,0
01-12-25,GitHub,98847,5098,22
01-12-25,Community Forum,109773,7167,0
02-12-25,Discord,89856,4993,0
02-12-25,GitHub,103229,5782,222
02-12-25,Community Forum,79915,4502,0
03-12-25,Discord,89489,4469,0
03-12-25,GitHub,81538,3798,343
03-12-25,Community Forum,85663,4311,0
04-12-25,Discord,90170,5101,0
04-12-25,GitHub,77458,3597,135
04-12-25,Community Forum,91857,3848,0
05-12-25,Discord,91951,4219,0
05-12-25,GitHub,79211,3300,315
05-12-25,Community Forum,73385,3600,0
06-12-25,Discord,71049,3181,0
06-12-25,GitHub,73460,3332,342
06-12-25,Community Forum,67968,2892,0
07-12-25,Discord,67984,3947,0
07-12-25,GitHub,85225,3971,382
07-12-25,Community Forum,63342,3646,0
08-12-25,Discord,63559,3259,0
08-12-25,GitHub,60237,3279,188
08-12-25,Community Forum,53835,2503,0
09-12-25,Discord,48534,2930,0
09-12-25,GitHub,66399,2383,283
09-12-25,Community Forum,55683,2427,0
10-12-25,Discord,59525,2498,0
10-12-25,GitHub,60059,2826,162
10-12-25,Community Forum,65590,2131,0
11-12-25,Discord,51658,1560,0
11-12-25,GitHub,55484,2499,116
11-12-25,Community Forum,56316,3160,0
12-12-25,Discord,50101,3973,0
12-12-25,GitHub,42251,1827,149
12-12-25,Community Forum,45193,3043,0
13-12-25,Discord,43666,1770,0
13-12-25,GitHub,37348,2121,154
13-12-25,Community Forum,47377,2613,0
14-12-25,Discord,43020,1645,0
14-12-25,GitHub,49696,2315,314
14-12-25,Community Forum,49668,2642,0
15-12-25,Discord,50059,2264,0
15-12-25,GitHub,56806,1775,249
15-12-25,Community Forum,61947,2769,0
16-12-25,Discord,61270,3813,0
16-12-25,GitHub,57221,2826,271
16-12-25,Community Forum,46270,2348,0
17-12-25,Discord,47257,2049,0
17-12-25,GitHub,53937,2263,40
17-12-25,Community Forum,63075,2772,0
18-12-25,Discord,49078,3040,0
18-12-25,GitHub,50375,1879,96
18-12-25,Community Forum,51290,2015,0
19-12-25,Discord,56249,2560,0
19-12-25,GitHub,67322,4761,317
19-12-25,Community Forum,59963,2152,0
20-12-25,Discord,51965,2066,0
20-12-25,GitHub,46765,3093,374
20-12-25,Community Forum,49424,3077,0
21-12-25,Discord,56891,3218,0
21-12-25,GitHub,49454,2197,216
21-12-25,Community Forum,44311,2004,0
22-12-25,Discord,54528,2382,0
22-12-25,GitHub,59397,3116,238
22-12-25,Community Forum,50354,2835,0
23-12-25,Discord,77879,4223,0
23-12-25,GitHub,92331,5801,0
23-12-25,Community Forum,81897,2637,0
24-12-25,Discord,96852,4738,0
24-12-25,GitHub,111967,8114,590
24-12-25,Community Forum,100573,5753,0
25-12-25,Discord,120448,5902,0
25-12-25,GitHub,106621,5086,444
25-12-25,Community Forum,111740,5745,0
26-12-25,Discord,120079,7209,0
26-12-25,GitHub,85737,2744,412
26-12-25,Community Forum,101267,3291,0
27-12-25,Discord,59797,2840,0
27-12-25,GitHub,75721,4008,214
27-12-25,Community Forum,69711,3135,0
28-12-25,Discord,85379,2963,0
28-12-25,GitHub,81525,4907,279
28-12-25,Community Forum,82672,4477,0
29-12-25,Discord,87157,4269,0
29-12-25,GitHub,81166,4452,336
29-12-25,Community Forum,104176,6123,0
30-12-25,Discord,101435,6318,0
30-12-25,GitHub,84149,4610,404
30-12-25,Community Forum,85059,5301,0
31-12-25,Discord,49210,2775,0
31-12-25,GitHub,55241,2998,316
31-12-25,Community Forum,61783,3100,0
